{
  "days_to_first_login": 0.0,
  "onboarding_completion_pct": 0.0,
  "first_week_logins": 0.0,
  "logins_7d": 60373.57040822506,
  "logins_14d": 11135.31982588768,
  "logins_30d": 97350.69607636333,
  "features_used_7d": 764346.7372064188,
  "features_used_30d": 251649.14601382148,
  "feature_adoption_pct": 10125.017090797424,
  "session_minutes_7d": 45331.49068337679,
  "session_minutes_30d": 21965.19099202752,
  "avg_session_duration": 14008.495301179588,
  "days_since_last_login": 3383.612972140312,
  "days_since_last_feature_use": 909.6187372207642,
  "login_velocity_wow": 11430.108354568481,
  "feature_velocity_wow": 37748.175552248955,
  "login_trend_4w": 14720.91319617629,
  "tickets_30d": 9782.434093475342,
  "avg_sentiment_30d": 15090.348771229386,
  "escalation_rate_30d": 1310.2740936875343,
  "days_to_renewal": 31299.84150660038,
  "contract_value_remaining": 12164.905247012153,
  "tenure_days": 55667.48000658862,
  "estimated_ltv": 69832.3481626492,
  "cohort_encoded": 467.3038353919983,
  "ltv_tier_encoded": 13374.477629423141,
  "contract_type_encoded": 29598.21700000763
}